id,label_en
Q56001,Cui Junγ
Q70208,Δρουσìλλη
Q72541,η Ισίας Φιλόστοργος
Q72720,Λαοδίκη ἡ Θεά καὶ Φιλάδελφος
Q72723,Μιθριδάτης
Q72726,η Άθηναἷς Φιλόστοργος Α'
Q72729,Ἀριοβαρζάνης
Q72891,"Αντίοχος ""Γρυπός""  ."
Q72894,Σάμος Θεοσεβής Δίκαιος
Q73041,Δημήτριος
Q73044,Κλεοπάτρα Θεά
Q73053,Μιθραδάτης
Q73197,Πτολεμαίος
Q73206,Δημήτριος
Q73215,Μιθριδάτης
Q73218,Λαοδίκη
Q73353,Ἀρσινόη ἡ Φιλοπάτωρ
Q73356,Πτολεμαίος
Q73359,Λαοδικη
Q73362,Ἀντίoχoς
Q73365,Σέλευκος
Q73368,Λαοδίκη
Q73374,Φαρνάκης
Q73380,Αντίοχος
Q73491,Πτολεμαῖο
Q73497,Mιθριδάτης
Q73500,Λαοδικη
Q73503,Λαοδίκη
Q73506,Σέλευκος
Q73512,Mιθριδάτης
Q73515,Λαοδικη
Q73614,Πτολεμαῖος
Q73617,Μάγας
Q73620,Ἀπάμα
Q73623,Ἀριoβαρζάνης
Q73629,Λαοδίκη
Q73632,Ἀντίοχος
Q73722,Λυσίμαχος
Q73728,Βερενίκη
Q73731,Πτολεμαῖος
Q73737,Αντίοχος
Q73740,Στρατoνίκη
Q73743,Mιθριδάτης
Q73746,Ἀχαιός
Q73824,Ἀγαθοκλῆς
Q73830,Αντίπατρος
Q73833,Mάγας
Q73836,Ἀντιγόνη
Q73839,Ἀρσινόη
Q73842,Λάγος
Q73851,Ἀπάμα
Q73854,Σέλευκος
Q73857,Δημήτριος
Q73860,Φίλα
Q73931,Κάσσανδρος
Q73934,Σπιταμένης
Q73940,Λαοδίκη
Q74000,Φιλιππoς;
Q74061,Ὑδάρνης
Q74120,Δέρδας
Q74123,Ὑδάρνης
Q74129,Ἀρταξέρξης
Q74189,Ὑδάρνης
Q74228,Περδίκκας
Q74282,Ἀλέξανδρος
Q74296,Ὑστάσπης
Q74344,Αμύντας
Q74356,Ἀρσάμης
Q74389,Ἀλκέτας
Q74434,Ἀέροπος
Q74578,Περδίκκας
Q74620,Τυρίμμας
Q74641,Δάσκυλος
Q74662,Κοῖνος
Q74683,Κάρανος
Q74771,Τέμενος
Q74780,Ἀριστόμαχος
Q74970,Tethys  Τηθύς
Q75084,Αἴολος
Q75150,Πύρρα
Q75153,Δευκαλίων
Q75321,Πλειόνη
Q77413,Γαίος Ιούλιος Αλέξανδρος
Q77641,Γάιος Ἰούλιος Ἀντίοχος
Q77845,Ἀμύντας
Q78402,Κλεοπάτρα
Q78468,Εὐμένης
Q78531,Κλεοπάτρα
Q78582,Ἄτταλος
Q78588,Ἀριαράθης
Q78609,Κλεοπάτρα
Q78612,Πτολεμαῖος Νέος Διόνυσος Θεός Φιλοπάτωρ Θεός Φιλάδελφος
Q78698,Ἀριαράθης
Q78713,Πτολεμαῖος
Q78719,Κλεοπάτρα
Q78773,Ἀριάμνης
Q78830,Ἀριαράθης
Q85741,Δρουσìλλη
Q87297,η Ισίας Φιλόστοργος Princess of Cappadocia
Q87417,Λαοδίκη ἡ Θεά καὶ Φιλάδελφος
Q87419,Μιθριδάτης
Q87421,η Άθηναἷς Φιλόστοργος Α' of Pontus
Q87423,Ἀριοβαρζάνης de Cappadoce
Q87532,"Αντίοχος ""Γρυπός""  . Η' Φιλομήτωρ της Συρ&..."
Q87534,Σάμος Θεοσεβής Δίκαιος
Q87632,Δημήτριος
Q87634,Κλεοπάτρα Θεά
Q87640,Μιθραδάτης
Q87736,Πτολεμαίος
Q87742,Δημήτριος
Q87748,Μιθριδάτης
Q87750,Λαοδίκη
Q87841,Ἀρσινόη ἡ Φιλοπάτωρ
Q87843,Πτολεμαίος
Q87845,Λαοδικη
Q87847,Ἀντίoχoς
Q87849,Σέλευκος
Q87851,Λαοδίκη
Q87855,Φαρνάκης
Q87859,Αντίοχος
Q87933,Πτολεμαῖο
Q87937,Mιθριδάτης
Q87939,"Λαοδικη Princess of Syria, Queen of Pontus"
Q87941,Λαοδίκη
Q87943,Σέλευκος
Q87947,Mιθριδάτης
Q87949,Λαοδικη
Q88015,Πτολεμαῖος
Q88017,Μάγας
Q88019,Ἀπάμα
Q88021,Ἀριoβαρζάνης
Q88025,Λαοδίκη
Q88027,Ἀντίοχος
Q88087,Λυσίμαχος
Q88091,Βερενίκη
Q88093,Πτολεμαῖος
Q88097,Αντίοχος
Q88099,Στρατoνίκη
Q88101,Mιθριδάτης
Q88103,Ἀχαιός
Q88155,Ἀγαθοκλῆς
Q88159,Αντίπατρος
Q88161,Mάγας
Q88163,Ἀντιγόνη
Q88165,Ἀρσινόη I
Q88167,Λάγος
Q88173,Ἀπάμα
Q88175,Σέλευκος
Q88177,Δημήτριος
Q88179,Φίλα
Q88227,Κάσσανδρος
Q88229,Σπιταμένης
Q88233,Λαοδίκη
Q88273,Φιλιππoς; Satrap of India
Q88313,Ὑδάρνης
Q88353,Δέρδας
Q88355,Ὑδάρνης II
Q88359,Ἀρταξέρξης
Q88399,Ὑδάρνης I
Q88425,Περδίκκας
Q88437,Ἄτοσσα
Q88461,Ἀλέξανδρος
Q88471,Ὑστάσπης
Q88503,Αμύντας
Q88511,Ἀρσάμης
Q88533,Ἀλκέτας
Q88563,Ἀέροπος
Q88593,Φίλιππος
Q88621,Ἀργαῖος
Q88659,Περδίκκας
Q88671,Γύγης
Q88687,Τυρίμμας
Q88702,Δάσκυλος
Q88716,Κοῖνος
Q88730,Κάρανος
Q88788,Τέμενος
Q88794,Ἀριστόμαχος
Q88921,Tethys  Τηθύς
Q88997,Αἴολος
Q89040,Πύρρα
Q89042,Δευκαλίων
Q89154,Πλειόνη
Q90315,Πλειόνη
Q90345,Αυτόλυκος
Q90347,Αμφιθέα
Q90364,Κασσιόπεια
Q90450,Πύρρα
Q90490,Αἴολος
Q90496,Ἐρεχθεύς
Q90498,Πραξιθέα
Q90500,Κέκροψ
Q90548,Πανδίων
Q90588,Ἐρεχθόνιος
Q90699,Γάιος Ἰούλιος Ἀντίοχος
Q90836,Ἀμύντας I
Q91207,Κλεοπάτρα
Q91251,Εὐμένης
Q91293,Κλεοπάτρα
Q91327,Ἄτταλος
Q91331,Ἀριαράθης
Q91345,Κλεοπάτρα
Q91347,Πτολεμαῖος Νέος Διόνυσος Θεός Φιλοπάτωρ Θεός Φιλάδελφος
Q91403,Ἀριαράθης
Q91413,Πτολεμαῖος
Q91417,Κλεοπάτρα Θεά της Αιγύπτου
Q91453,Ἀριάμνης
Q91491,Ἀριαράθης
Q99394,Πτολεμαίος
Q99396,Πτολεμαῖος
Q99478,Δηιόκης
Q101995,Πλειόνη
Q102025,Αυτόλυκος
Q102027,Αμφιθέα
Q102044,Κασσιόπεια
Q102130,Πύρρα
Q102158,Δευκαλίων
Q102170,Αἴολος
Q102176,Ἐρεχθεύς
Q102178,Πραξιθέα
Q102180,Κέκροψ
Q102228,Πανδίων
Q102268,Ἐρεχθόνιος
Q111056,Πτολεμαίος
Q111058,Πτολεμαῖος
Q111140,Δηιόκης
Q72903,"Տիգրան Մեծ, արքան Հայաստան"
Q73047,Պտողեմեոս
Q73056,Տիգրան Առաջին
Q73212,Երվանդ
Q73224,Արտաշես Առաջին Բարեպաշտ
Q73371,Արշամ
Q73509,Շամուշ
Q78354,Արտավազդ Երկրորդ
Q87540,"Տիգրան Մեծ, արքան Հայաստան"
Q87636,Պտողեմեոս
Q87642,Տիգրան Առաջին արքան Հայաստան
Q87746,Երվանդ
Q87754,Արտաշես Առաջին Բարեպաշտ
Q87853,Արշամ
Q87945,Շամուշ
Q91175,Արտավազդ Երկրորդ
Q132711,Վահե
Q3832,Лопес Эльвира Шломо
Q34844,Лопес Эльвира Шломо
Q44114,Kinyoshi Sanjо̄
Q55515,Cартоний //
Q56471,Кламенте Лопес
Q56474,Моше Пабло
Q57835,Хуан Перес  Коронел Fernão Perez Coronel
Q57838,Лопес Эльвира Шломо
Q57841,Липи Хименс Шломо  Коронел
Q59518,Francisco  Коронел
Q67842,Борджигин
Q67848,Борджигин
Q67861,Борджигин
Q67881,Борджигин
Q67920,Борджигин
Q67963,Борджигин
Q67999,Борджигин
Q68036,Борджигин
Q68075,Борджигин
Q68117,Борджигин
Q68159,Борджигин
Q68213,БОРДЖИГЕДЕЙ-МЭРГЭН
Q68216,Борджигин
Q68267,КАЛИ-КАРЧИ
Q68318,СИМ-САУЧИ
Q68384,ЕКЭ-НИДДА
Q68453,КУДЖАМ-БОРАГУЛ
Q68510,КОРИГАР-МЭРГЭН
Q68558,ТАМАЧ
Q68591,БАТАГИ-КААН
Q68670,Гаутама
Q73937,Антіох
Q88231,Антіох
Q127128,Башкорд
Q153200,Борджигин
Q153207,Тогрул Ван хан Placeholder surname
Q153210,БАРТАН-БААТУР Placeholder surname
Q153212,КАБУЛ-ХАН Placeholder surname
Q153216,ТУМБИНЭ-КААН Борджигин
Q153221,БАЙСОНКУР Борджигин
Q153225,КАЙДУ-ХАН Борджигин
Q153230,ДУТУМ-МЭНЭН Борджигин
Q153235,БУКА Борджигин
Q153243,БОДОНЧАР Борджигин
Q153250,ДОБУН-БАЯН Борджигин
Q153258,ТОРОХОЛДЖИН-БАЯН Борджигин
Q153266,БОРДЖИГЕДЕЙ-МЭРГЭН Placeholder surname
Q153273,КАЛИ-КАРЧИ Placeholder surname
Q153277,СИМ-САУЧИ Placeholder surname
Q153281,ЕКЭ-НИДДА Placeholder surname
Q153285,КУДЖАМ-БОРАГУЛ Placeholder surname
Q153290,КОРИГАР-МЭРГЭН Placeholder surname
Q153296,ТАМАЧ Placeholder surname
Q153302,БАТАГИ-КААН Placeholder surname
Q153311,БОРТЭЧИНЭ
Q153321,АЛТАН-САНДАЛИТУ
Q153330,Парикшит Куру
Q153331,Рахула син на Буда Гаутама
Q153343,Шакьямуни Гаутама
Q153354,Махамайя Гаутама
Q153355,Гаутама King of Shakya
Q153356,Amitā Гаутама
Q153666,Борджигин?
Q153689,Lord  Борджигин
Q153704,Борджигин Esquire
Q29136,"Zarathustra, Founder Zoroaster Isme زرتشت‎"
Q51445,"Zarathustra, Founder Zoroaster Isme زرتشت‎"
Q52701,"Zarathustra, Founder Zoroaster Isme زرتشت‎"
Q63819,Khasfeh fils de Ilyas  خصفه
Q63828,Mudhir ibn Nizar  بن نزار
Q64020,عبد مناف  بن زهرة
Q64229,<private>  عکرمه
Q64435,وهب  بن عبد مناف
Q64537,عثمان وفي ذريته سدانة الكعبة، ويعرفوا ببني شيبة
Q64726,Mansour son of Akrameh  منصور
Q65549,Havazen son of Mansour  هوازن
Q66245,Caliph Abu Bakr  بن أبي قحافة عثمان
Q66281,الخطاب بن نفيل
Q66647,الحكم بن أبي العاص  ibn Abi al-'As
Q67094,« القائم بالحق » محمد بن زيد
Q67202,عُمَرْ بِنْ ٱلْخَطَّابْ
Q67334,عمر بن الخطاب - خلیفه دوم از خلفای راشدین
Q67510,محمد بن حنفیه
Q67537,Muawiyah son of Bakr  معاویه
Q67561,Humaisi \ Umaisi  Umaisi ?أدد
Q68314,علي السجاد
Q68320,عبد الله
Q68323,سليمان
Q69113,القاسم بن الحسن‎
Q69155,سكينة‎
Q69170,فاطمة بنت حسين
Q69236,Abu Hashim ben Mohammad Hanifa  ابوهاشم عبداله بن محمد حنفیه
Q69284,Samsama son of Muawiyah  صمصمه
Q69293,Salaman  أدد
Q69721,أبو جعفر عبد الله المنصور
Q69724,أبو العباس عبد الله السفاح
Q69727,إبراهيم
Q69730,موسى
Q69733,أم عيسى
Q69736,لبابة
Q69742,الحسن
Q69745,إسحاق
Q74013,الملك أرتازركسيس- أردشير الثاني  بن الملك داريوس الثاني
Q74407,کوروش
Q80650,Mudrikah (Amir)  بن إلياس
Q81470,Khasfeh fils de Ilyas  خصفه
Q81478,Mudhir ibn Nizar  بن نزار
Q81606,عبد مناف  بن زهرة
Q81745,<private>  عکرمه
Q81881,وهب  بن عبد مناف
Q81949,عثمان وفي ذريته سدانة الكعبة، ويعرفوا ببني شيبة
Q82076,Mansour son of Akrameh  منصور
Q82622,Havazen son of Mansour  هوازن
Q83099,Caliph Abu Bakr  بن أبي قحافة عثمان
Q83123,الخطاب بن نفيل
Q83366,الحكم بن أبي العاص  ibn Abi al-'As
Q83666,« القائم بالحق » محمد بن زيد
Q83738,عُمَرْ بِنْ ٱلْخَطَّابْ
Q83826,عمر بن الخطاب - خلیفه دوم از خلفای راشدین
Q83943,محمد بن حنفیه (محمّد الأكبر (أبي القاسم
Q83961,Muawiyah son of Bakr  معاویه
Q83977,Humaisi \ Umaisi  Umaisi ?أدد
Q84478,علي السجاد
Q84482,عبد الله
Q84484,سليمان
Q85009,القاسم بن الحسن‎
Q85037,سكينة‎
Q85047,فاطمة بنت حسين
Q85091,Abu Hashim ben Mohammad Hanifa  ابوهاشم عبداله بن محمد حنفیه
Q85123,Samsama son of Muawiyah  صمصمه
Q85129,Salaman  أدد
Q85415,أبو جعفر عبد الله المنصور
Q85417,أبو العباس عبد الله السفاح
Q85419,إبراهيم
Q85421,موسى
Q85423,أم عيسى
Q85425,لبابة
Q85429,الحسن
Q85431,إسحاق
Q86870,Shahr Banu  بنت الإمبراطور فلافيوس موريسيوس تيبيريوس أجوستوس
Q86910,Hermisdas  بن كسرى خسرو الأول أنوشيروان
Q86921,Khosrau I (Anushirvan)  بن كسرى قباد الأول
Q86947,Peroz  بن كسرى يزدجرد الثاني
Q86963,Yazdegerd  بن كسرى بهرام الخامس
Q86977,Bahrám Gur  بن كسرى يزدجرد الأول
Q86997,Yazdegerd  بن كسرى شابور الثالث
Q87017,Shapur  بن كسرى شابور الثاني
Q87061,Hormizd II-  بن كسرى نرسي
Q88281,الملك أرتازركسيس- أردشير الثاني  بن الملك داريوس الثاني
Q88317,الملك داريوس الثاني  بن الملك أرتازركسيس- أردشير الأول
Q88545,کوروش
Q90781,الإمام علي (ع)
Q93961,محياة بنت امرئ القيس بن عدي
Q93976,السيدة زينب (ع)
Q93980,أسماء  بنت عميس
Q94120,فاطمة بنت الـحسن بن علي‎  بنت الإمام أمير المؤمنين الحسن
Q94138,القاسم بن الحسن‎
Q94147,شهربانو بنت كسرى يزدجرد الثالث
Q94159,رباب بنت امرئ القيس بن عدى بن أوس
Q94303,عبد الله المحض  الحسني
Q94323,الإمام محمد الباقر  بن الإمام علي زين العابدين
Q94325,عبدالله بن علی بن حسین
Q94361,علي الأصغر
Q94391,Sayyidna 'Amar bin Abdullaah bin Sayyidna Muslim  عَمَرو بن عبداللہ بن مسلم بن عقیل
Q94545,إدريس الأكبر
Q94559,محمد النفس الزكيه
Q94563,موسى الجون  الحسني
Q94593,أم فروة- فاطمة  بنت القاسم
Q94609,علی السلطان‌
Q94649,محبه بنت عمرو بن علی بن الحسین(ع)
Q94671,الأمير عبيد الله الأول الأعرج
Q94834,خلیفه سوم از خلفای راشدین عثمان بن عفان
Q94842,عبدالرحمن  بن أبي بكر الصديق
Q94926,إدريس الأنور
Q94956,عبد الله شاه غازي
Q94962,عبد الله الصالح  الحسني
Q94978,موسى بن جعفر الكاظم
Q94980,علي العريضي  الحسيني
Q95157,علي  بن عبدالله
Q95167,علي السجاد
Q95169,عبد الله
Q95171,سليمان
Q95245,داعی کبیر - حسن بن زید - امام حسن مجتبی(ع)
Q95303,محمد
Q95361,موسى الثاني  الحسني
Q95389,بن الإمام جعفر الصادق
Q95414,سید ابو القاسم حمزه
Q95422,الشريف إبراهيم المرتضى  بن الإمام موسى الكاظم
Q95474,الشريف أبو الحسنيه أحمد الشعراني  بن أبي الحسن علي العريضي
Q95601,عبيد الله الثاني
Q95658,محمد  بن علي
Q95674,منصور دوانیقی
Q95676,الخليفة أبو العباس السفاح عبدالله  بن محمد
Q95822,علي حيدرة
Q95862,داود أمير مكة  الحسني
Q95872,آمنه بنت عبدالله
Q95874,داعی کبیر - حسن بن زید
Q95880,بن الإمام جعفر الصادق
Q95902,ابراهيم المجاب  الحسيني الهاشمي
Q95914,Seyyed Abu Mohammad Qasim (8)  سید قاسم
Q95924,موسى أبو سبحة
Q95928,بن الإمام جعفر الصادق
Q95974,الحسيني
Q95976,الحسيني
Q95978,الحسيني
Q96082,ناصر کبیر یا النصیر الحق یا العطروش
Q96096,علي المحدث أبو الحسين
Q96218,المهدی
Q96226,محمد المهدي
Q96228,جعفر
Q96230,عيسى
Q96232,أسماء
Q96391,سلام ابن مزوار
Q96422,محمد المدني  الحسني
Q96500,الحسيني الهاشمي
Q96512,Seyyed Ahmad al-Arabi (9)  سید احمد اعرابی
Q96524,إبراهيم المرتضى
Q96526,الشريف أحمد الصالح  بن الشريف موسى أبي سبحة
Q96528,بن الشريف موسى أبي سبحة
Q96530,إبراهيم المرتضى
Q96532,إبراهيم المرتضى
Q96534,الحسين الأكبر
Q96536,إبراهيم المرتضى
Q96538,إبراهيم المرتضى
Q96540,إبراهيم المرتضى
Q96544,بن الإمام جعفر الصادق
Q96723,داعی صفیر - چهارمین حاکم دولت علویان طبرستان
Q96729,الناصر إلى الحق الحسن بن علي « الأطروش »
Q96755,عبيد الله الثالث أبو علي
Q96884,الخليفة موسى الهادي  بن المهدي
Q96886,الخليفة هارون الرشيد  بن المهدي
Q96894,الخيزران
Q96896,موسى الهادي
Q96898,هارون الرشيد
Q96900,العباسة أو علية
Q96908,سعد  بن تيم
Q97059,عيسى
Q97105,يحيى الزاهد  الحسني
Q97173,محمد  الحسيني
Q97185,سید محمد بن احمد اعرابی
Q97193,إبراهيم المرتضى
Q97195,إبراهيم المرتضى
Q97197,إبراهيم المرتضى
Q97199,إبراهيم المرتضى
Q97201,الحسين الرضى
Q97203,طاهر أبو الطيب
Q97205,إبراهيم المرتضى
Q97207,إبراهيم المرتضى
Q97209,إبراهيم المرتضى
Q97211,إبراهيم المرتضى
Q97213,إبراهيم المرتضى
Q97215,إبراهيم المرتضى
Q97418,المهدي محمد بن الحسن الداعي
Q97438,الأمير محمد الأشترأمير المدينة
Q97576,زبيدة
Q97578,محمد الأمين
Q97580,مراجل الفارسية
Q97582,عبد الله المأمون
Q97584,ماردة أم ولد
Q97586,محمد المعتصم بالله
Q97608,كعب  بن سعد
Q97750,حرمة
Q97789,فاطمة بنت أحمد القرشية
Q97791,عبد الله الجيلي  الحسني
Q97797,يحي  الهاشمي
Q97871,حسين  الحسيني
Q97885,Seyyed Ismail  سید اسمعیل
Q97901,إبراهيم المرتضى
Q97903,إبراهيم المرتضى
Q97905,الشريف أبو القاسم  بن الشريف محمود
Q97907,محمد المحدث
Q97909,إبراهيم المرتضى
Q97911,إبراهيم المرتضى
Q97913,إبراهيم المرتضى
Q97915,إبراهيم المرتضى
Q98097,الأمير النقيب محمد أبو علي
Q98223,هارون الواثق بالله
Q98225,جعفر المتوكل على الله
Q98227,محمد
Q98257,عمرو  بن كعب
Q98275,معاویة بن یزید
Q98380,علي
Q98382,علي
Q98404,موسى الثالث
Q98410,عيسى  الهاشمي
Q98471,أحمد  الحسيني
Q98485,Seyyed Mohammad  سید محمد
Q98499,إبراهيم المرتضى
Q98501,الشريف محمود  بن الشريف حسين الرضي
Q98503,عبد الله  الحسيني
Q98554,Shahr Banu  بنت الإمبراطور فلافيوس موريسيوس تيبيريوس أجوستوس
Q98594,Hermisdas  بن كسرى خسرو الأول أنوشيروان
Q98604,Khosrau I (Anushirvan)  بن كسرى قباد الأول
Q98630,Peroz  بن كسرى يزدجرد الثاني
Q98646,Yazdegerd  بن كسرى بهرام الخامس
Q98651,النقيب أحمد أبو عبد الله
Q98660,Bahrám Gur  بن كسرى يزدجرد الأول
Q98680,Yazdegerd  بن كسرى شابور الثالث
Q98700,Shapur  بن كسرى شابور الثاني
Q98745,Hormizd II-  بن كسرى نرسي
Q98766,محمد المهتدي بالله
Q98768,أحمد المستعين بالله
Q98904,أبي بكر
Q98906,أبي بكر
Q98934,أبي عبد الله الحسين الشهيربقضيب البان  الموصلي
Q98942,حمزة  الوهاسي
Q98998,محمود  الحسيني
Q99012,Seyyed Jaffar  سید جعفر
Q99014,سید محمد
Q99032,بن الشريف حسين الرضي
Q99034,بن الشريف حسين الرضي
Q99038,لي ابن الدوليمية
Q99262,أبو الحسين زيد ضياء الدين
Q99426,الملك أرتازركسيس- أردشير الأول  بن الملك زركسيس الأول
Q99430,الملك زركسيس الأول  بن الملك داريوس الأول
Q99436,الأميرة أتوسّا  بنت الملك قورش الثاني العظيم
Q99438,الملك داريوس الأول  بن الأمير هستاسبس
Q99442,الملك قورش الثاني العظيم  بن قمبيز الأول
Q99445,الأميرة كاسّاندان  بنت فارناسبس
Q99446,الأمير هستاسبس  بن أرسامس
Q99448,قمبيز الأول  بن قورش الأول
Q99450,الأميرة ماندان  بنت الملك أستياجس
Q99452,أرسامس  بن أريارامنس
Q99454,قورش الأول  بن الملك تسيبس
Q99456,الملك أستياجس  بن الملك سياخاريس
Q99458,الملكة أرينيس  بنت الملك ألياتّيس الثاني
Q99460,أريارامنس  بن الملك تيسبس
Q99462,الملك تيسبس  بن الملك أخمينيس
Q99464,الملك سياخاريس  بن الملك فراورتيس
Q99466,الملك الياتّيس الثاني  بن الملك سادياتّيس
Q99472,الملك أخمينيس
Q99474,الملك فراورتيس  بن الملك ديوكيس
Q99476,الملك سادياتّيس  بن الملك أرديس الثاني
Q99484,الملك ديوكيس
Q99486,الملك أرديس الثاني  بن الملك جيجس
Q99492,الملك جيجس
Q100090,بنت عبد الله
Q100396,موسى  بن قلند
Q100461,عبد الله  بن محمد
Q100808,مطرف  بن موسى
Q100834,موسى  بن محمد
Q101513,عبد الرحمن الناصر لدين الله  محمد بن
Q101597,عبد الملك  بن موسى
Q102462,الإمام علي (ع)
Q102703,أبو العاص آل الحكم  بن عبد الرحمن
Q104589,أبو الوليد هشام  بن الحكم
Q104591,بن الحكم
Q105627,محياة بنت امرئ القيس بن عدي
Q105643,السيدة زينب (ع)
Q105647,أسماء  بنت عميس
Q105787,فاطمة بنت الـحسن بن علي‎  بنت الإمام أمير المؤمنين الحسن فاطمة بنت الـحسن بن علي/ Umm ‘Abd
Q105806,القاسم بن الحسن‎
Q105814,شهربانو بنت كسرى يزدجرد الثالث
Q105826,رباب بنت امرئ القيس بن عدى بن أوس رباب بنت امرئ القيس بن عدى بن أوس
Q105968,عبد الله المحض  الحسني
Q105988,الإمام محمد الباقر  بن الإمام علي زين العابدين
Q105990,عبدالله بن علی بن حسین
Q106026,علي الأصغر
Q106056,Sayyidna 'Amar bin Abdullaah bin Sayyidna Muslim  عَمَرو بن عبداللہ بن مسلم بن عقیل
Q106207,إدريس الأكبر
Q106221,محمد النفس الزكيه
Q106225,موسى الجون  الحسني
Q106255,أم فروة- فاطمة  بنت القاسم
Q106271,علی السلطان‌
Q106311,محبه بنت عمرو بن علی بن الحسین(ع)
Q106333,الأمير عبيد الله الأول الأعرج
Q106418,عبدالله  بن العباس
Q106496,خلیفه سوم از خلفای راشدین عثمان بن عفان
Q106504,عبدالرحمن  بن أبي بكر الصديق
Q106588,إدريس الأنور
Q106618,عبد الله شاه غازي
Q106624,عبد الله الصالح  الحسني
Q106640,موسى بن جعفر الكاظم
Q106642,علي العريضي  الحسيني
Q106819,علي  بن عبدالله
Q106829,علي السجاد
Q106831,عبد الله
Q106833,سليمان
Q106907,داعی کبیر - حسن بن زید - امام حسن مجتبی(ع)
Q106965,محمد
Q107023,موسى الثاني  الحسني
Q107051,بن الإمام جعفر الصادق
Q107075,سید ابو القاسم حمزه
Q107083,الشريف إبراهيم المرتضى  بن الإمام موسى الكاظم
Q107135,الشريف أبو الحسنيه أحمد الشعراني  بن أبي الحسن علي العريضي
Q107261,عبيد الله الثاني
Q107318,محمد  بن علي
Q107334,منصور دوانیقی
Q107336,الخليفة أبو العباس السفاح عبدالله  بن محمد
Q107482,علي حيدرة
Q107523,داود أمير مكة  الحسني
Q107533,آمنه بنت عبدالله
Q107535,داعی کبیر - حسن بن زید
Q107541,بن الإمام جعفر الصادق
Q107563,ابراهيم المجاب  الحسيني الهاشمي
Q107575,Seyyed Abu Mohammad Qasim (8)  سید قاسم
Q107585,موسى أبو سبحة
Q107589,بن الإمام جعفر الصادق
Q107635,الحسيني
Q107637,الحسيني
Q107639,الحسيني
Q107743,ناصر کبیر یا النصیر الحق یا العطروش
Q107757,علي المحدث أبو الحسين
Q107879,المهدی
Q107887,محمد المهدي
Q107889,جعفر
Q107891,عيسى
Q107893,أسماء
Q108051,سلام ابن مزوار
Q108083,محمد المدني  الحسني
Q108161,الحسيني الهاشمي
Q108172,Seyyed Ahmad al-Arabi (9)  سید احمد اعرابی
Q108184,إبراهيم المرتضى
Q108186,الشريف أحمد الصالح  بن الشريف موسى أبي سبحة
Q108188,بن الشريف موسى أبي سبحة
Q108190,إبراهيم المرتضى
Q108192,إبراهيم المرتضى
Q108194,الحسين الأكبر
Q108196,إبراهيم المرتضى
Q108198,إبراهيم المرتضى
Q108200,إبراهيم المرتضى
Q108204,بن الإمام جعفر الصادق
Q108382,داعی صفیر - چهارمین حاکم دولت علویان طبرستان
Q108388,الناصر إلى الحق الحسن بن علي « الأطروش »
Q108413,عبيد الله الثالث أبو علي
Q108543,الخليفة موسى الهادي  بن المهدي
Q108545,الخليفة هارون الرشيد  بن المهدي
Q108553,الخيزران
Q108555,موسى الهادي
Q108557,هارون الرشيد
Q108559,العباسة أو علية
Q108567,سعد  بن تيم
Q108717,عيسى
Q108763,يحيى الزاهد  الحسني
Q108831,محمد  الحسيني
Q108843,سید محمد بن احمد اعرابی
Q108851,إبراهيم المرتضى
Q108853,إبراهيم المرتضى
Q108855,إبراهيم المرتضى
Q108857,إبراهيم المرتضى
Q108859,الحسين الرضى
Q108861,طاهر أبو الطيب
Q108863,إبراهيم المرتضى
Q108865,إبراهيم المرتضى
Q108867,إبراهيم المرتضى
Q108869,إبراهيم المرتضى
Q108871,إبراهيم المرتضى
Q108873,إبراهيم المرتضى
Q109076,المهدي محمد بن الحسن الداعي
Q109096,الأمير محمد الأشترأمير المدينة
Q109234,زبيدة
Q109236,محمد الأمين
Q109238,مراجل الفارسية
Q109240,عبد الله المأمون
Q109242,ماردة أم ولد
Q109244,محمد المعتصم بالله
Q109266,كعب  بن سعد
Q109408,حرمة
Q109448,فاطمة بنت أحمد القرشية
Q109450,عبد الله الجيلي  الحسني
Q109456,يحي  الهاشمي
Q109530,حسين  الحسيني
Q109544,Seyyed Ismail  سید اسمعیل
Q109560,إبراهيم المرتضى
Q109562,إبراهيم المرتضى
Q109564,الشريف أبو القاسم  بن الشريف محمود
Q109566,محمد المحدث
Q109568,إبراهيم المرتضى
Q109570,إبراهيم المرتضى
Q109572,إبراهيم المرتضى
Q109574,إبراهيم المرتضى
Q109757,الأمير النقيب محمد أبو علي
Q109883,هارون الواثق بالله
Q109885,جعفر المتوكل على الله
Q109887,محمد
Q109917,عمرو  بن كعب
Q109935,معاویة بن یزید 3rd Umayyad Caliph
Q110039,علي
Q110041,علي
Q110063,موسى الثالث
Q110069,عيسى  الهاشمي
Q110131,أحمد  الحسيني
Q110145,Seyyed Mohammad  سید محمد
Q110159,إبراهيم المرتضى
Q110161,الشريف محمود  بن الشريف حسين الرضي
Q110163,عبد الله  الحسيني
Q110311,النقيب أحمد أبو عبد الله
Q110427,محمد المهتدي بالله
Q110429,أحمد المستعين بالله
Q110565,أبي بكر
Q110567,أبي بكر
Q110595,أبي عبد الله الحسين الشهيربقضيب البان  الموصلي
Q110603,حمزة  الوهاسي
Q110659,محمود  الحسيني
Q110673,Seyyed Jaffar  سید جعفر
Q110675,سید محمد
Q110693,بن الشريف حسين الرضي
Q110695,بن الشريف حسين الرضي
Q110697,إبراهيم المرتضى
Q110699,لي ابن الدوليمية
Q110923,أبو الحسين زيد ضياء الدين
Q111088,الملك أرتازركسيس- أردشير الأول  بن الملك زركسيس الأول
Q111092,الملك زركسيس الأول  بن الملك داريوس الأول
Q111098,الأميرة أتوسّا  بنت الملك قورش الثاني العظيم
Q111100,الملك داريوس الأول  بن الأمير هستاسبس
Q111104,الملك قورش الثاني العظيم  بن قمبيز الأول
Q111106,الأميرة كاسّاندان  بنت فارناسبس
Q111108,الأمير هستاسبس  بن أرسامس
Q111110,قمبيز الأول  بن قورش الأول
Q111112,الأميرة ماندان  بنت الملك أستياجس
Q111114,أرسامس  بن أريارامنس
Q111116,قورش الأول  بن الملك تسيبس
Q111118,الملك أستياجس  بن الملك سياخاريس
Q111120,الملكة أرينيس  بنت الملك ألياتّيس الثاني
Q111122,أريارامنس  بن الملك تيسبس
Q111124,الملك تيسبس  بن الملك أخمينيس
Q111126,الملك سياخاريس  بن الملك فراورتيس
Q111128,الملك الياتّيس الثاني  بن الملك سادياتّيس
Q111134,الملك أخمينيس
Q111136,الملك فراورتيس  بن الملك ديوكيس
Q111138,الملك سادياتّيس  بن الملك أرديس الثاني
Q111146,الملك ديوكيس
Q111148,الملك أرديس الثاني  بن الملك جيجس
Q111154,الملك جيجس
Q111752,بنت عبد الله
Q112053,Muza  Bint Ibn Musa Banu Qasi ولي تطيلةا وشقة
Q112059,موسى  بن قلند والي وشقة
Q112123,عبد الله  بن محمد والي توليدو
Q112469,مطرف  بن موسى والي وشقة
Q112493,محمد آل الطويل  ابن عبد الملك والي وشقة
Q112495,موسى  بن محمد والي وشقة
Q113174,عبد الرحمن الناصر لدين الله  محمد بن الخليفة قرطبة
Q113258,عبد الملك  بن موسى والي وشقة
Q114368,أبو العاص آل الحكم  بن عبد الرحمن الخليفة قرطبة
Q116244,أبو الوليد هشام  بن الحكم الخليفة قرطبة
Q116246,بن الحكم
Q118260,Zaida Isabel الأسد الملكة
